Preprocess,Ca,P,pH,SOC,Sand
Column Scale,0.24423684461527509,1.0302649152857051,0.20346223691946011,0.26411977357360283,0.37518012117820371
