Target,Ca,Ca
Statistic,RMSE MEAN,RMSE STD
Feature Scaling,,
PCA 20,0.34922507136547959,0.077416014429547972
"Filter 90, PCA 20",0.37961664609726309,0.074641620814190998
