Feature Scaling,Ca,P,pH,SOC,Sand
PCA 20,0.16845942637075406,1.5952784039863246,0.50271285258735621,0.4389216110377715,0.46022943093699969
Supervised PC,0.2522186503381495,1.5734962727859911,0.483290448215631,0.45723297303497795,0.43045418016471187
