Feature Scaling,P
PCA 20,0.47935343939653879
Supervised PC,1.010587691134285
