Target,Ca,Ca
Statistic,RMSE MEAN,RMSE STD
Feature Scaling,,
PCA 20,0.82285755846587305,0.16240547416858817
"Filter 90, PCA 20",0.8229352457227197,0.15369968269702811
