Feature Scaling,Ca,P,pH,SOC,Sand
Supervised PC,0.60286056378557407,0.80284486180069237,0.6771754418028203,0.64543524880826042,0.53867969748676114
