Feature Scaling,Ca,P,pH,SOC,Sand
Standard Scale,0.50964823065799958,0.77640612741455339,0.45072819009210185,0.6543408209959608,0.50697876699359279
