"","Ca","P","pH","SOC","Sand"
"1",0.835232203461242,1.20288657634391,0.820167603207839,0.698250417502546,0.639562044646311
