Feature Scaling,P,pH,SOC,Sand
Filter -> Standardize,0.60175227543421295,0.29225460778146301,0.36926864332197035,0.2680799797744709
