Target,Ca,Ca
Statistic,RMSE MEAN,RMSE STD
Feature Scaling,,
Feature Standardization,0.32369301459148536,0.18542891560175451
Filter 90 -> Standardize,0.34626273981904837,0.20273695455940907
