Target,SOC,SOC
Statistic,RMSE MEAN,RMSE STD
Feature Scaling,,
Feature Standardization,0.47581976196926368,0.19379269873018601
Filter 90 -> Standardize,0.48855448288759312,0.18991016938294794
