Feature Scaling,Ca,P,pH,SOC,Sand
PCA 25,0.20235679735472026,0.61266779291359708,0.53039449470913991,0.34867021536294851,0.53799621513685225
