Target,SOC,SOC
Statistic,RMSE MEAN,RMSE STD
Feature Scaling,,
Feature Standardization,0.40882073695407761,0.24140001026262353
Filter -> Standardize,0.40582317403528395,0.22680047706382481
