Feature Scaling,Ca,P,pH,SOC,Sand
Feature Standardization,0.19092646241810596,1.3030337484838395,0.30818428930145103,0.22472299531543569,0.35442623797868988
